order_id,order_ts,customer_id,customer_name,email,region,product,category,quantity,unit_price,currency,status
ORD-000001,2026-03-06T18:17:00+00:00,CUST-9935,Liam Nguyen,liam.nguyen@example.com,LATAM,27in Monitor,displays,2,119.14,USD,pending
ORD-000002,2026-02-26T12:15:00+00:00,CUST-9928,Nora Kim,nora.kim@shop.test,EU,Office Chair,furniture,5,22.97,EUR,paid
ORD-000003,2026-02-25T03:12:00+00:00,CUST-6514,Ava Garcia,ava.garcia@example.com,NA,USB Microphone,audio,3,145.87,EUR,pending
ORD-000004,2026-03-04T20:01:00+00:00,CUST-7201,Theo Costa,theo.costa@example.com,APAC,27in Monitor,displays,1,366.84,GBP,shipped
ORD-000005,2026-02-24T01:11:00+00:00,CUST-5741,Theo Costa,theo.costa@example.com,EU,Mechanical Keyboard,peripherals,1,32.40,USD,paid
ORD-000006,2026-02-25T14:18:00+00:00,CUST-5374,Chloe Nakamura,chloe.nakamura@mail.dev,NA,Noise-cancelling Headphones,audio,2,191.01,GBP,shipped
ORD-000007,2026-02-24T18:17:00+00:00,CUST-6313,Kai Garcia,kai.garcia@example.com,EU,Webcam HD,peripherals,4,142.00,USD,shipped
ORD-000008,2026-02-16T15:47:00+00:00,CUST-9179,Aria Silva,aria.silva@shop.test,LATAM,USB-C Hub,accessories,2,456.52,USD,paid
ORD-000009,2026-02-06T22:03:00+00:00,CUST-7543,Kai Singh,kai.singh@shop.test,EU,Office Chair,furniture,5,138.47,USD,paid
ORD-000010,2026-02-07T11:22:00+00:00,CUST-2040,Mia Nguyen,mia.nguyen@shop.test,LATAM,USB-C Hub,accessories,2,316.82,GBP,refunded
ORD-000011,2026-02-20T17:11:00+00:00,CUST-6573,Ivy Berg,ivy.berg@example.com,APAC,Wireless Mouse,accessories,1,343.35,EUR,paid
ORD-000012,2026-01-31T04:02:00+00:00,CUST-2743,Ava Singh,ava.singh@mail.dev,APAC,27in Monitor,displays,5,382.60,GBP,paid
ORD-000013,2026-03-15T10:22:00+00:00,CUST-6310,Nora Garcia,nora.garcia@shop.test,NA,Noise-cancelling Headphones,audio,2,273.75,USD,cancelled
ORD-000014,2026-03-08T18:55:00+00:00,CUST-8962,Owen Kim,owen.kim@example.com,EU,Wireless Mouse,accessories,2,439.35,USD,shipped
ORD-000015,2026-02-25T10:01:00+00:00,CUST-9835,Eli Silva,eli.silva@mail.dev,EU,Office Chair,furniture,5,216.91,GBP,paid
ORD-000016,2026-02-24T07:56:00+00:00,CUST-6539,Theo Rossi,theo.rossi@example.com,EU,Office Chair,furniture,4,69.16,GBP,paid
ORD-000017,2026-03-12T19:05:00+00:00,CUST-6413,Mia Singh,mia.singh@example.com,EU,Wireless Mouse,accessories,2,42.95,EUR,shipped
ORD-000018,2026-02-22T18:10:00+00:00,CUST-8749,Nora Berg,nora.berg@shop.test,EU,Laptop Stand,accessories,5,291.76,USD,pending
ORD-000019,2026-03-10T21:17:00+00:00,CUST-2612,Leo Andersson,leo.andersson@example.com,LATAM,USB Microphone,audio,4,238.37,GBP,paid
ORD-000020,2026-03-03T12:33:00+00:00,CUST-4006,Liam Kim,liam.kim@shop.test,LATAM,Mechanical Keyboard,peripherals,2,272.24,USD,cancelled
ORD-000021,2026-03-14T05:55:00+00:00,CUST-4872,Mia Rossi,mia.rossi@example.com,LATAM,Office Chair,furniture,1,34.73,EUR,paid
ORD-000022,2026-02-10T04:44:00+00:00,CUST-8454,Aria Nguyen,aria.nguyen@shop.test,LATAM,Laptop Stand,accessories,4,11.04,GBP,refunded
ORD-000023,2026-03-10T12:23:00+00:00,CUST-9883,Hugo Garcia,hugo.garcia@example.com,APAC,Mechanical Keyboard,peripherals,3,116.45,USD,pending
ORD-000024,2026-01-31T03:55:00+00:00,CUST-4044,Hugo Berg,hugo.berg@example.com,NA,Office Chair,furniture,2,37.80,GBP,cancelled
ORD-000025,2026-03-12T02:21:00+00:00,CUST-2343,Aria Patel,aria.patel@shop.test,APAC,Standing Desk,furniture,2,293.09,EUR,paid
ORD-000026,2026-02-17T21:31:00+00:00,CUST-6180,Luna Kim,luna.kim@example.com,NA,27in Monitor,displays,4,73.99,EUR,shipped
ORD-000027,2026-03-04T04:01:00+00:00,CUST-6718,Liam Patel,liam.patel@example.com,EU,Office Chair,furniture,2,257.37,EUR,paid
ORD-000028,2026-03-14T19:18:00+00:00,CUST-5905,Chloe Berg,chloe.berg@mail.dev,NA,27in Monitor,displays,5,491.10,USD,paid
ORD-000029,2026-02-25T12:15:00+00:00,CUST-6617,Liam Singh,liam.singh@example.com,APAC,Office Chair,furniture,2,143.17,GBP,paid
ORD-000030,2026-02-15T00:11:00+00:00,CUST-3143,Noah Patel,noah.patel@mail.dev,APAC,USB Microphone,audio,3,31.55,USD,shipped
ORD-000031,2026-03-02T18:26:00+00:00,CUST-1590,Leo Berg,leo.berg@shop.test,EU,Wireless Mouse,accessories,1,46.79,EUR,pending
ORD-000032,2026-02-22T04:18:00+00:00,CUST-2684,Owen Andersson,owen.andersson@shop.test,LATAM,Wireless Mouse,accessories,3,112.72,GBP,shipped
ORD-000033,2026-02-15T03:10:00+00:00,CUST-7745,Kai Garcia,kai.garcia@mail.dev,EU,Laptop Stand,accessories,4,22.11,EUR,paid
ORD-000034,2026-02-04T05:38:00+00:00,CUST-6000,Liam Okoye,liam.okoye@example.com,EU,Wireless Mouse,accessories,4,118.76,USD,shipped
ORD-000035,2026-02-19T16:38:00+00:00,CUST-9346,Aria Andersson,aria.andersson@shop.test,APAC,27in Monitor,displays,1,482.81,USD,pending
ORD-000036,2026-02-06T10:38:00+00:00,CUST-6139,Ivy Garcia,ivy.garcia@shop.test,NA,Standing Desk,furniture,3,28.70,EUR,cancelled
ORD-000037,2026-02-26T16:37:00+00:00,CUST-8066,Nora Silva,nora.silva@example.com,APAC,Wireless Mouse,accessories,4,10.82,GBP,paid
ORD-000038,2026-02-08T15:40:00+00:00,CUST-7592,Liam Singh,liam.singh@mail.dev,APAC,27in Monitor,displays,5,161.23,GBP,pending
ORD-000039,2026-02-17T19:35:00+00:00,CUST-9977,Leo Nakamura,leo.nakamura@example.com,APAC,USB Microphone,audio,2,310.98,EUR,paid
ORD-000040,2026-01-30T21:30:00+00:00,CUST-3780,Luna Rossi,luna.rossi@mail.dev,NA,Webcam HD,peripherals,4,340.38,EUR,paid
ORD-000041,2026-02-26T12:51:00+00:00,CUST-1400,Luna Patel,luna.patel@example.com,EU,Mechanical Keyboard,peripherals,3,119.84,EUR,shipped
ORD-000042,2026-02-10T17:29:00+00:00,CUST-7547,Mia Rossi,mia.rossi@example.com,EU,USB Microphone,audio,5,105.07,GBP,shipped
ORD-000043,2026-01-30T07:31:00+00:00,CUST-1822,Liam Okoye,liam.okoye@mail.dev,EU,Mechanical Keyboard,peripherals,2,403.21,USD,paid
ORD-000044,2026-02-05T17:21:00+00:00,CUST-9270,Chloe Nakamura,chloe.nakamura@shop.test,LATAM,Office Chair,furniture,5,301.17,USD,shipped
ORD-000045,2026-02-19T20:11:00+00:00,CUST-9540,Hugo Rossi,hugo.rossi@shop.test,EU,27in Monitor,displays,2,420.69,EUR,paid
ORD-000046,2026-03-08T14:52:00+00:00,CUST-3471,Owen Kim,owen.kim@example.com,LATAM,27in Monitor,displays,3,166.33,GBP,paid
ORD-000047,2026-02-03T17:34:00+00:00,CUST-2020,Nora Patel,nora.patel@example.com,LATAM,USB Microphone,audio,4,171.79,EUR,cancelled
ORD-000048,2026-02-13T11:41:00+00:00,CUST-7389,Ava Costa,ava.costa@shop.test,EU,USB Microphone,audio,4,12.87,EUR,paid
ORD-000049,2026-02-08T23:14:00+00:00,CUST-3704,Leo Rossi,leo.rossi@shop.test,EU,Wireless Mouse,accessories,4,174.36,GBP,paid
ORD-000050,2026-02-06T22:52:00+00:00,CUST-8564,Aria Costa,aria.costa@example.com,NA,Standing Desk,furniture,1,51.04,EUR,paid
ORD-000051,2026-02-11T03:43:00+00:00,CUST-7906,Nora Rossi,nora.rossi@shop.test,NA,Noise-cancelling Headphones,audio,3,382.24,EUR,pending
ORD-000052,2026-03-12T01:12:00+00:00,CUST-1508,Noah Andersson,noah.andersson@example.com,EU,Mechanical Keyboard,peripherals,1,392.02,USD,shipped
ORD-000053,2026-02-24T21:31:00+00:00,CUST-5198,Kai Garcia,kai.garcia@shop.test,EU,Webcam HD,peripherals,1,285.78,GBP,shipped
ORD-000054,2026-02-16T21:24:00+00:00,CUST-7149,Liam Garcia,liam.garcia@shop.test,EU,27in Monitor,displays,1,292.97,USD,paid
ORD-000055,2026-03-11T23:38:00+00:00,CUST-9728,Kai Patel,kai.patel@shop.test,APAC,27in Monitor,displays,5,403.90,USD,paid
ORD-000056,2026-02-12T14:20:00+00:00,CUST-8532,Luna Nguyen,luna.nguyen@mail.dev,EU,USB Microphone,audio,4,61.60,EUR,paid
ORD-000057,2026-02-20T14:40:00+00:00,CUST-5022,Ivy Costa,ivy.costa@example.com,APAC,Office Chair,furniture,4,237.32,EUR,paid
ORD-000058,2026-02-01T07:06:00+00:00,CUST-6325,Chloe Costa,chloe.costa@example.com,LATAM,Standing Desk,furniture,4,174.49,USD,paid
ORD-000059,2026-02-19T22:25:00+00:00,CUST-1166,Ivy Andersson,ivy.andersson@mail.dev,EU,27in Monitor,displays,5,352.88,USD,paid
ORD-000060,2026-02-01T14:32:00+00:00,CUST-1282,Leo Rossi,leo.rossi@example.com,APAC,Office Chair,furniture,2,347.70,USD,paid
ORD-000061,2026-02-14T03:33:00+00:00,CUST-6419,Kai Silva,kai.silva@shop.test,LATAM,Standing Desk,furniture,3,241.42,EUR,paid
ORD-000062,2026-02-27T16:48:00+00:00,CUST-4545,Kai Patel,kai.patel@mail.dev,LATAM,Mechanical Keyboard,peripherals,3,68.45,EUR,shipped
ORD-000063,2026-02-28T04:41:00+00:00,CUST-1231,Owen Patel,owen.patel@mail.dev,EU,Mechanical Keyboard,peripherals,3,121.23,EUR,pending
ORD-000064,2026-02-01T14:54:00+00:00,CUST-1200,Noah Berg,noah.berg@mail.dev,APAC,27in Monitor,displays,2,321.91,EUR,paid
ORD-000065,2026-02-02T17:53:00+00:00,CUST-2070,Luna Garcia,luna.garcia@shop.test,LATAM,Wireless Mouse,accessories,3,470.18,USD,paid
ORD-000066,2026-03-08T05:45:00+00:00,CUST-2940,Noah Garcia,noah.garcia@mail.dev,LATAM,Laptop Stand,accessories,5,474.12,GBP,paid
ORD-000067,2026-02-18T03:05:00+00:00,CUST-8025,Kai Berg,kai.berg@shop.test,NA,USB Microphone,audio,4,454.26,GBP,refunded
ORD-000068,2026-03-02T02:45:00+00:00,CUST-3847,Liam Kim,liam.kim@mail.dev,NA,Mechanical Keyboard,peripherals,3,332.95,USD,pending
ORD-000069,2026-02-23T17:42:00+00:00,CUST-5632,Chloe Singh,chloe.singh@mail.dev,LATAM,Standing Desk,furniture,4,152.42,USD,shipped
ORD-000070,2026-02-24T07:19:00+00:00,CUST-3441,Ivy Nakamura,ivy.nakamura@shop.test,EU,Standing Desk,furniture,2,217.89,USD,pending
ORD-000071,2026-02-03T12:16:00+00:00,CUST-5982,Owen Costa,owen.costa@mail.dev,LATAM,Standing Desk,furniture,3,224.74,EUR,paid
ORD-000072,2026-02-06T15:13:00+00:00,CUST-6280,Hugo Rossi,hugo.rossi@mail.dev,APAC,USB-C Hub,accessories,5,29.48,USD,pending
ORD-000073,2026-02-28T13:30:00+00:00,CUST-9502,Ava Nakamura,ava.nakamura@mail.dev,LATAM,27in Monitor,displays,5,29.66,EUR,paid
ORD-000074,2026-02-08T15:39:00+00:00,CUST-6260,Leo Nakamura,leo.nakamura@mail.dev,NA,Webcam HD,peripherals,1,239.83,USD,paid
ORD-000075,2026-03-07T23:40:00+00:00,CUST-5135,Hugo Silva,hugo.silva@shop.test,NA,USB Microphone,audio,5,27.94,EUR,cancelled
ORD-000076,2026-02-27T11:27:00+00:00,CUST-6927,Ava Nakamura,ava.nakamura@mail.dev,LATAM,Office Chair,furniture,4,212.07,GBP,paid
ORD-000077,2026-02-18T22:32:00+00:00,CUST-8941,Noah Kim,noah.kim@example.com,NA,27in Monitor,displays,5,74.06,GBP,shipped
ORD-000078,2026-02-08T16:55:00+00:00,CUST-4681,Kai Singh,kai.singh@example.com,LATAM,Laptop Stand,accessories,3,279.36,USD,shipped
ORD-000079,2026-02-08T01:07:00+00:00,CUST-8905,Zoe Rossi,zoe.rossi@shop.test,EU,27in Monitor,displays,5,354.94,EUR,paid
ORD-000080,2026-03-03T20:05:00+00:00,CUST-2143,Aria Kim,aria.kim@shop.test,LATAM,Standing Desk,furniture,5,374.93,EUR,cancelled
